,Title,Rating,directors,actors,voter_count,years,link
0,The Shawshank Redemption,9.2,Frank Darabont ,"[' Tim Robbins', ' Morgan Freeman']","2,710,615",1994,https://www.imdb.com/title/tt0111161/
1,The Godfather,9.2,Francis Ford Coppola ,"[' Marlon Brando', ' Al Pacino']","1,882,483",1972,https://www.imdb.com/title/tt0068646/
2,The Dark Knight,9.0,Christopher Nolan ,"[' Christian Bale', ' Heath Ledger']","2,683,633",2008,https://www.imdb.com/title/tt0468569/
3,The Godfather Part II,9.0,Francis Ford Coppola ,"[' Al Pacino', ' Robert De Niro']","1,285,154",1974,https://www.imdb.com/title/tt0071562/
4,12 Angry Men,9.0,Sidney Lumet ,"[' Henry Fonda', ' Lee J. Cobb']","800,827",1957,https://www.imdb.com/title/tt0050083/
5,Schindler's List,8.9,Steven Spielberg ,"[' Liam Neeson', ' Ralph Fiennes']","1,369,466",1993,https://www.imdb.com/title/tt0108052/
6,The Lord of the Rings: The Return of the King,8.9,Peter Jackson ,"[' Elijah Wood', ' Viggo Mortensen']","1,865,542",2003,https://www.imdb.com/title/tt0167260/
7,Pulp Fiction,8.8,Quentin Tarantino ,"[' John Travolta', ' Uma Thurman']","2,081,146",1994,https://www.imdb.com/title/tt0110912/
8,The Lord of the Rings: The Fellowship of the Ring,8.8,Peter Jackson ,"[' Elijah Wood', ' Ian McKellen']","1,895,085",2001,https://www.imdb.com/title/tt0120737/
9,"The Good, the Bad and the Ugly",8.8,Sergio Leone ,"[' Clint Eastwood', ' Eli Wallach']","769,291",1966,https://www.imdb.com/title/tt0060196/
10,Forrest Gump,8.8,Robert Zemeckis ,"[' Tom Hanks', ' Robin Wright']","2,106,230",1994,https://www.imdb.com/title/tt0109830/
11,Fight Club,8.7,David Fincher ,"[' Brad Pitt', ' Edward Norton']","2,154,615",1999,https://www.imdb.com/title/tt0137523/
12,The Lord of the Rings: The Two Towers,8.7,Peter Jackson ,"[' Elijah Wood', ' Ian McKellen']","1,684,457",2002,https://www.imdb.com/title/tt0167261/
13,Inception,8.7,Christopher Nolan ,"[' Leonardo DiCaprio', ' Joseph Gordon-Levitt']","2,381,496",2010,https://www.imdb.com/title/tt1375666/
14,Star Wars: Episode V - The Empire Strikes Back,8.7,Irvin Kershner ,"[' Mark Hamill', ' Harrison Ford']","1,305,595",1980,https://www.imdb.com/title/tt0080684/
15,The Matrix,8.7,Lana Wachowski ,"[' Keanu Reeves', ' Laurence Fishburne']","1,933,657",1999,https://www.imdb.com/title/tt0133093/
16,Goodfellas,8.7,Martin Scorsese ,"[' Robert De Niro', ' Ray Liotta']","1,175,687",1990,https://www.imdb.com/title/tt0099685/
17,One Flew Over the Cuckoo's Nest,8.6,Milos Forman ,"[' Jack Nicholson', ' Louise Fletcher']","1,017,242",1975,https://www.imdb.com/title/tt0073486/
18,Se7en,8.6,David Fincher ,"[' Morgan Freeman', ' Brad Pitt']","1,673,758",1995,https://www.imdb.com/title/tt0114369/
19,Seven Samurai,8.6,Akira Kurosawa ,"[' Toshirô Mifune', ' Takashi Shimura']","349,456",1954,https://www.imdb.com/title/tt0047478/
20,It's a Wonderful Life,8.6,Frank Capra ,"[' James Stewart', ' Donna Reed']","467,677",1946,https://www.imdb.com/title/tt0038650/
21,The Silence of the Lambs,8.6,Jonathan Demme ,"[' Jodie Foster', ' Anthony Hopkins']","1,449,107",1991,https://www.imdb.com/title/tt0102926/
22,Saving Private Ryan,8.6,Steven Spielberg ,"[' Tom Hanks', ' Matt Damon']","1,406,636",1998,https://www.imdb.com/title/tt0120815/
23,City of God,8.6,Fernando Meirelles ,"[' Alexandre Rodrigues', ' Leandro Firmino']","763,695",2002,https://www.imdb.com/title/tt0317248/
24,Interstellar,8.6,Christopher Nolan ,"[' Matthew McConaughey', ' Anne Hathaway']","1,869,544",2014,https://www.imdb.com/title/tt0816692/
25,Life Is Beautiful,8.6,Roberto Benigni ,"[' Roberto Benigni', ' Nicoletta Braschi']","703,385",1997,https://www.imdb.com/title/tt0118799/
26,The Green Mile,8.6,Frank Darabont ,"[' Tom Hanks', ' Michael Clarke Duncan']","1,317,565",1999,https://www.imdb.com/title/tt0120689/
27,Star Wars,8.5,George Lucas ,"[' Mark Hamill', ' Harrison Ford']","1,378,003",1977,https://www.imdb.com/title/tt0076759/
28,Terminator 2: Judgment Day,8.5,James Cameron ,"[' Arnold Schwarzenegger', ' Linda Hamilton']","1,110,840",1991,https://www.imdb.com/title/tt0103064/
29,Back to the Future,8.5,Robert Zemeckis ,"[' Michael J. Fox', ' Christopher Lloyd']","1,221,210",1985,https://www.imdb.com/title/tt0088763/
30,Spirited Away,8.5,Hayao Miyazaki ,"[' Daveigh Chase', ' Suzanne Pleshette']","775,981",2001,https://www.imdb.com/title/tt0245429/
31,The Pianist,8.5,Roman Polanski ,"[' Adrien Brody', ' Thomas Kretschmann']","843,570",2002,https://www.imdb.com/title/tt0253474/
32,Psycho,8.5,Alfred Hitchcock ,"[' Anthony Perkins', ' Janet Leigh']","679,370",1960,https://www.imdb.com/title/tt0054215/
33,Parasite,8.5,Bong Joon Ho ,"[' Song Kang-ho', ' Lee Sun-kyun']","828,300",2019,https://www.imdb.com/title/tt6751668/
34,Léon: The Professional,8.5,Luc Besson ,"[' Jean Reno', ' Gary Oldman']","1,174,933",1994,https://www.imdb.com/title/tt0110413/
35,The Lion King,8.5,Roger Allers ,"[' Matthew Broderick', ' Jeremy Irons']","1,071,184",1994,https://www.imdb.com/title/tt0110357/
36,Gladiator,8.5,Ridley Scott ,"[' Russell Crowe', ' Joaquin Phoenix']","1,516,946",2000,https://www.imdb.com/title/tt0172495/
37,American History X,8.5,Tony Kaye ,"[' Edward Norton', ' Edward Furlong']","1,132,797",1998,https://www.imdb.com/title/tt0120586/
38,The Departed,8.5,Martin Scorsese ,"[' Leonardo DiCaprio', ' Matt Damon']","1,339,697",2006,https://www.imdb.com/title/tt0407887/
39,The Usual Suspects,8.5,Bryan Singer ,"[' Kevin Spacey', ' Gabriel Byrne']","1,094,944",1995,https://www.imdb.com/title/tt0114814/
40,The Prestige,8.5,Christopher Nolan ,"[' Christian Bale', ' Hugh Jackman']","1,348,239",2006,https://www.imdb.com/title/tt0482571/
41,Whiplash,8.5,Damien Chazelle ,"[' Miles Teller', ' J.K. Simmons']","883,659",2014,https://www.imdb.com/title/tt2582802/
42,Casablanca,8.5,Michael Curtiz ,"[' Humphrey Bogart', ' Ingrid Bergman']","577,692",1942,https://www.imdb.com/title/tt0034583/
43,Grave of the Fireflies,8.5,Isao Takahata ,"[' Tsutomu Tatsumi', ' Ayano Shiraishi']","282,402",1988,https://www.imdb.com/title/tt0095327/
44,Harakiri,8.5,Masaki Kobayashi ,"[' Tatsuya Nakadai', ' Akira Ishihama']","59,309",1962,https://www.imdb.com/title/tt0056058/
45,The Intouchables,8.5,Olivier Nakache ,"[' François Cluzet', ' Omar Sy']","870,150",2011,https://www.imdb.com/title/tt1675434/
46,Modern Times,8.4,Charles Chaplin ,"[' Charles Chaplin', ' Paulette Goddard']","245,652",1936,https://www.imdb.com/title/tt0027977/
47,Once Upon a Time in the West,8.4,Sergio Leone ,"[' Henry Fonda', ' Charles Bronson']","333,760",1968,https://www.imdb.com/title/tt0064116/
48,Rear Window,8.4,Alfred Hitchcock ,"[' James Stewart', ' Grace Kelly']","497,021",1954,https://www.imdb.com/title/tt0047396/
49,Cinema Paradiso,8.4,Giuseppe Tornatore ,"[' Philippe Noiret', ' Enzo Cannavale']","264,925",1988,https://www.imdb.com/title/tt0095765/
50,Alien,8.4,Ridley Scott ,"[' Sigourney Weaver', ' Tom Skerritt']","892,874",1979,https://www.imdb.com/title/tt0078748/
51,City Lights,8.4,Charles Chaplin ,"[' Charles Chaplin', ' Virginia Cherrill']","186,856",1931,https://www.imdb.com/title/tt0021749/
52,Apocalypse Now,8.4,Francis Ford Coppola ,"[' Martin Sheen', ' Marlon Brando']","675,168",1979,https://www.imdb.com/title/tt0078788/
53,Memento,8.4,Christopher Nolan ,"[' Guy Pearce', ' Carrie-Anne Moss']","1,250,845",2000,https://www.imdb.com/title/tt0209144/
54,Django Unchained,8.4,Quentin Tarantino ,"[' Jamie Foxx', ' Christoph Waltz']","1,576,217",2012,https://www.imdb.com/title/tt1853728/
55,Raiders of the Lost Ark,8.4,Steven Spielberg ,"[' Harrison Ford', ' Karen Allen']","976,377",1981,https://www.imdb.com/title/tt0082971/
56,WALL·E,8.4,Andrew Stanton ,"[' Ben Burtt', ' Elissa Knight']","1,128,939",2008,https://www.imdb.com/title/tt0910970/
57,The Lives of Others,8.4,Florian Henckel von Donnersmarck ,"[' Ulrich Mühe', ' Martina Gedeck']","393,332",2006,https://www.imdb.com/title/tt0405094/
58,Sunset Blvd.,8.4,Billy Wilder ,"[' William Holden', ' Gloria Swanson']","224,657",1950,https://www.imdb.com/title/tt0043014/
59,Paths of Glory,8.4,Stanley Kubrick ,"[' Kirk Douglas', ' Ralph Meeker']","200,086",1957,https://www.imdb.com/title/tt0050825/
60,The Shining,8.4,Stanley Kubrick ,"[' Jack Nicholson', ' Shelley Duvall']","1,035,449",1980,https://www.imdb.com/title/tt0081505/
61,The Great Dictator,8.4,Charles Chaplin ,"[' Charles Chaplin', ' Paulette Goddard']","226,601",1940,https://www.imdb.com/title/tt0032553/
62,Avengers: Infinity War,8.4,Anthony Russo ,"[' Robert Downey Jr.', ' Chris Hemsworth']","1,101,036",2018,https://www.imdb.com/title/tt4154756/
63,Witness for the Prosecution,8.4,Billy Wilder ,"[' Tyrone Power', ' Marlene Dietrich']","127,635",1957,https://www.imdb.com/title/tt0051201/
64,Aliens,8.3,James Cameron ,"[' Sigourney Weaver', ' Michael Biehn']","725,423",1986,https://www.imdb.com/title/tt0090605/
65,Spider-Man: Into the Spider-Verse,8.3,Bob Persichetti ,"[' Shameik Moore', ' Jake Johnson']","545,371",2018,https://www.imdb.com/title/tt4633694/
66,American Beauty,8.3,Sam Mendes ,"[' Kevin Spacey', ' Annette Bening']","1,164,006",1999,https://www.imdb.com/title/tt0169547/
67,Dr. Strangelove or: How I Learned to Stop Worrying and Love the Bomb,8.3,Stanley Kubrick ,"[' Peter Sellers', ' George C. Scott']","495,905",1964,https://www.imdb.com/title/tt0057012/
68,The Dark Knight Rises,8.3,Christopher Nolan ,"[' Christian Bale', ' Tom Hardy']","1,722,432",2012,https://www.imdb.com/title/tt1345836/
69,Oldboy,8.3,Park Chan-wook ,"[' Choi Min-sik', ' Yoo Ji-tae']","587,979",2003,https://www.imdb.com/title/tt0364569/
70,Inglourious Basterds,8.3,Quentin Tarantino ,"[' Brad Pitt', ' Diane Kruger']","1,470,169",2009,https://www.imdb.com/title/tt0361748/
71,Amadeus,8.3,Milos Forman ,"[' F. Murray Abraham', ' Tom Hulce']","405,720",1984,https://www.imdb.com/title/tt0086879/
72,Coco,8.3,Lee Unkrich ,"[' Anthony Gonzalez', ' Gael García Bernal']","521,321",2017,https://www.imdb.com/title/tt2380307/
73,Toy Story,8.3,John Lasseter ,"[' Tom Hanks', ' Tim Allen']","1,005,469",1995,https://www.imdb.com/title/tt0114709/
74,Joker,8.3,Todd Phillips ,"[' Joaquin Phoenix', ' Robert De Niro']","1,319,679",2019,https://www.imdb.com/title/tt7286456/
75,Braveheart,8.3,Mel Gibson ,"[' Mel Gibson', ' Sophie Marceau']","1,046,724",1995,https://www.imdb.com/title/tt0112573/
76,The Boat,8.3,Wolfgang Petersen ,"[' Jürgen Prochnow', ' Herbert Grönemeyer']","253,508",1981,https://www.imdb.com/title/tt0082096/
77,Avengers: Endgame,8.3,Anthony Russo ,"[' Robert Downey Jr.', ' Chris Evans']","1,154,908",2019,https://www.imdb.com/title/tt4154796/
78,Princess Mononoke,8.3,Hayao Miyazaki ,"[' Yôji Matsuda', ' Yuriko Ishida']","400,784",1997,https://www.imdb.com/title/tt0119698/
79,Once Upon a Time in America,8.3,Sergio Leone ,"[' Robert De Niro', ' James Woods']","356,392",1984,https://www.imdb.com/title/tt0087843/
80,Good Will Hunting,8.3,Gus Van Sant ,"[' Robin Williams', ' Matt Damon']","987,212",1997,https://www.imdb.com/title/tt0119217/
81,Your Name.,8.3,Makoto Shinkai ,"[' Ryunosuke Kamiki', ' Mone Kamishiraishi']","276,743",2016,https://www.imdb.com/title/tt5311514/
82,Singin' in the Rain,8.3,Stanley Donen ,"[' Gene Kelly', "" Donald O'Connor""]","246,221",1952,https://www.imdb.com/title/tt0045152/
83,3 Idiots,8.3,Rajkumar Hirani ,"[' Aamir Khan', ' Madhavan']","405,949",2009,https://www.imdb.com/title/tt1187043/
84,Requiem for a Dream,8.3,Darren Aronofsky ,"[' Ellen Burstyn', ' Jared Leto']","852,335",2000,https://www.imdb.com/title/tt0180093/
85,High and Low,8.3,Akira Kurosawa ,"[' Toshirô Mifune', ' Yutaka Sada']","46,703",1963,https://www.imdb.com/title/tt0057565/
86,Toy Story 3,8.3,Lee Unkrich ,"[' Tom Hanks', ' Tim Allen']","845,529",2010,https://www.imdb.com/title/tt0435761/
87,Capernaum,8.3,Nadine Labaki ,"[' Zain Al Rafeea', ' Yordanos Shiferaw']","92,847",2018,https://www.imdb.com/title/tt8267604/
88,Star Wars: Episode VI - Return of the Jedi,8.3,Richard Marquand ,"[' Mark Hamill', ' Harrison Ford']","1,064,891",1983,https://www.imdb.com/title/tt0086190/
89,2001: A Space Odyssey,8.3,Stanley Kubrick ,"[' Keir Dullea', ' Gary Lockwood']","677,177",1968,https://www.imdb.com/title/tt0062622/
90,Eternal Sunshine of the Spotless Mind,8.3,Michel Gondry ,"[' Jim Carrey', ' Kate Winslet']","1,020,035",2004,https://www.imdb.com/title/tt0338013/
91,Reservoir Dogs,8.3,Quentin Tarantino ,"[' Harvey Keitel', ' Tim Roth']","1,030,879",1992,https://www.imdb.com/title/tt0105236/
92,Come and See,8.3,Elem Klimov ,"[' Aleksey Kravchenko', ' Olga Mironova']","83,121",1985,https://www.imdb.com/title/tt0091251/
93,The Hunt,8.3,Thomas Vinterberg ,"[' Mads Mikkelsen', ' Thomas Bo Larsen']","336,183",2012,https://www.imdb.com/title/tt2106476/
94,Citizen Kane,8.3,Orson Welles ,"[' Orson Welles', ' Joseph Cotten']","446,537",1941,https://www.imdb.com/title/tt0033467/
95,M,8.2,Fritz Lang ,"[' Peter Lorre', ' Ellen Widmann']","160,133",1931,https://www.imdb.com/title/tt0022100/
96,Lawrence of Arabia,8.2,David Lean ,"["" Peter O'Toole"", ' Alec Guinness']","297,772",1962,https://www.imdb.com/title/tt0056172/
97,North by Northwest,8.2,Alfred Hitchcock ,"[' Cary Grant', ' Eva Marie Saint']","331,767",1959,https://www.imdb.com/title/tt0053125/
98,Ikiru,8.2,Akira Kurosawa ,"[' Takashi Shimura', ' Nobuo Kaneko']","80,325",1952,https://www.imdb.com/title/tt0044741/
99,Vertigo,8.2,Alfred Hitchcock ,"[' James Stewart', ' Kim Novak']","406,962",1958,https://www.imdb.com/title/tt0052357/
100,The Apartment,8.2,Billy Wilder ,"[' Jack Lemmon', ' Shirley MacLaine']","184,402",1960,https://www.imdb.com/title/tt0053604/
101,Amélie,8.2,Jean-Pierre Jeunet ,"[' Audrey Tautou', ' Mathieu Kassovitz']","763,606",2001,https://www.imdb.com/title/tt0211915/
102,A Clockwork Orange,8.2,Stanley Kubrick ,"[' Malcolm McDowell', ' Patrick Magee']","839,111",1971,https://www.imdb.com/title/tt0066921/
103,Double Indemnity,8.2,Billy Wilder ,"[' Fred MacMurray', ' Barbara Stanwyck']","159,368",1944,https://www.imdb.com/title/tt0036775/
104,Full Metal Jacket,8.2,Stanley Kubrick ,"[' Matthew Modine', ' R. Lee Ermey']","750,698",1987,https://www.imdb.com/title/tt0093058/
105,Scarface,8.2,Brian De Palma ,"[' Al Pacino', ' Michelle Pfeiffer']","853,739",1983,https://www.imdb.com/title/tt0086250/
106,Hamilton,8.2,Thomas Kail ,"[' Lin-Manuel Miranda', ' Phillipa Soo']","98,455",2020,https://www.imdb.com/title/tt8503618/
107,Incendies,8.2,Denis Villeneuve ,"[' Lubna Azabal', ' Mélissa Désormeaux-Poulin']","181,117",2010,https://www.imdb.com/title/tt1255953/
108,To Kill a Mockingbird,8.2,Robert Mulligan ,"[' Gregory Peck', ' John Megna']","319,564",1962,https://www.imdb.com/title/tt0056592/
109,Heat,8.2,Michael Mann ,"[' Al Pacino', ' Robert De Niro']","664,588",1995,https://www.imdb.com/title/tt0113277/
110,The Sting,8.2,George Roy Hill ,"[' Paul Newman', ' Robert Redford']","266,671",1973,https://www.imdb.com/title/tt0070735/
111,Up,8.2,Pete Docter ,"[' Edward Asner', ' Jordan Nagai']","1,056,200",2009,https://www.imdb.com/title/tt1049413/
112,Top Gun: Maverick,8.2,Joseph Kosinski ,"[' Tom Cruise', ' Jennifer Connelly']","541,087",2022,https://www.imdb.com/title/tt1745960/
113,A Separation,8.2,Asghar Farhadi ,"[' Payman Maadi', ' Leila Hatami']","247,465",2011,https://www.imdb.com/title/tt1832382/
114,Metropolis,8.2,Fritz Lang ,"[' Brigitte Helm', ' Alfred Abel']","176,602",1927,https://www.imdb.com/title/tt0017136/
115,Taxi Driver,8.2,Martin Scorsese ,"[' Robert De Niro', ' Jodie Foster']","847,967",1976,https://www.imdb.com/title/tt0075314/
116,L.A. Confidential,8.2,Curtis Hanson ,"[' Kevin Spacey', ' Russell Crowe']","588,276",1997,https://www.imdb.com/title/tt0119488/
117,Die Hard,8.2,John McTiernan ,"[' Bruce Willis', ' Alan Rickman']","893,659",1988,https://www.imdb.com/title/tt0095016/
118,Snatch,8.2,Guy Ritchie ,"[' Jason Statham', ' Brad Pitt']","865,438",2000,https://www.imdb.com/title/tt0208092/
119,Indiana Jones and the Last Crusade,8.2,Steven Spielberg ,"[' Harrison Ford', ' Sean Connery']","763,368",1989,https://www.imdb.com/title/tt0097576/
120,Bicycle Thieves,8.2,Vittorio De Sica ,"[' Lamberto Maggiorani', ' Enzo Staiola']","165,753",1948,https://www.imdb.com/title/tt0040522/
121,Like Stars on Earth,8.2,Aamir Khan ,"[' Darsheel Safary', ' Aamir Khan']","195,992",2007,https://www.imdb.com/title/tt0986264/
122,1917,8.2,Sam Mendes ,"[' Dean-Charles Chapman', ' George MacKay']","606,741",2019,https://www.imdb.com/title/tt8579674/
123,Downfall,8.2,Oliver Hirschbiegel ,"[' Bruno Ganz', ' Alexandra Maria Lara']","359,427",2004,https://www.imdb.com/title/tt0363163/
124,Dangal,8.2,Nitesh Tiwari ,"[' Aamir Khan', ' Sakshi Tanwar']","194,651",2016,https://www.imdb.com/title/tt5074352/
125,For a Few Dollars More,8.2,Sergio Leone ,"[' Clint Eastwood', ' Lee Van Cleef']","260,186",1965,https://www.imdb.com/title/tt0059578/
126,Batman Begins,8.2,Christopher Nolan ,"[' Christian Bale', ' Michael Caine']","1,486,377",2005,https://www.imdb.com/title/tt0372784/
127,The Kid,8.2,Charles Chaplin ,"[' Charles Chaplin', ' Edna Purviance']","128,067",1921,https://www.imdb.com/title/tt0012349/
128,Some Like It Hot,8.2,Billy Wilder ,"[' Marilyn Monroe', ' Tony Curtis']","270,755",1959,https://www.imdb.com/title/tt0053291/
129,The Father,8.2,Florian Zeller ,"[' Anthony Hopkins', ' Olivia Colman']","161,582",2020,https://www.imdb.com/title/tt10272386/
130,All About Eve,8.2,Joseph L. Mankiewicz ,"[' Bette Davis', ' Anne Baxter']","132,763",1950,https://www.imdb.com/title/tt0042192/
131,The Wolf of Wall Street,8.2,Martin Scorsese ,"[' Leonardo DiCaprio', ' Jonah Hill']","1,437,255",2013,https://www.imdb.com/title/tt0993846/
132,Green Book,8.2,Peter Farrelly ,"[' Viggo Mortensen', ' Mahershala Ali']","505,693",2018,https://www.imdb.com/title/tt6966692/
133,Judgment at Nuremberg,8.2,Stanley Kramer ,"[' Spencer Tracy', ' Burt Lancaster']","78,822",1961,https://www.imdb.com/title/tt0055031/
134,Ran,8.2,Akira Kurosawa ,"[' Tatsuya Nakadai', ' Akira Terao']","127,555",1985,https://www.imdb.com/title/tt0089881/
135,Casino,8.2,Martin Scorsese ,"[' Robert De Niro', ' Sharon Stone']","527,998",1995,https://www.imdb.com/title/tt0112641/
136,The Truman Show,8.2,Peter Weir ,"[' Jim Carrey', ' Ed Harris']","1,099,913",1998,https://www.imdb.com/title/tt0120382/
137,Pan's Labyrinth,8.2,Guillermo del Toro ,"[' Ivana Baquero', ' Ariadna Gil']","675,586",2006,https://www.imdb.com/title/tt0457430/
138,There Will Be Blood,8.2,Paul Thomas Anderson ,"[' Daniel Day-Lewis', ' Paul Dano']","595,036",2007,https://www.imdb.com/title/tt0469494/
139,Unforgiven,8.2,Clint Eastwood ,"[' Clint Eastwood', ' Gene Hackman']","416,554",1992,https://www.imdb.com/title/tt0105695/
140,The Sixth Sense,8.2,M. Night Shyamalan ,"[' Bruce Willis', ' Haley Joel Osment']","1,001,892",1999,https://www.imdb.com/title/tt0167404/
141,Shutter Island,8.2,Martin Scorsese ,"[' Leonardo DiCaprio', ' Emily Mortimer']","1,338,217",2010,https://www.imdb.com/title/tt1130884/
142,A Beautiful Mind,8.2,Ron Howard ,"[' Russell Crowe', ' Ed Harris']","941,512",2001,https://www.imdb.com/title/tt0268978/
143,Jurassic Park,8.1,Steven Spielberg ,"[' Sam Neill', ' Laura Dern']","1,001,548",1993,https://www.imdb.com/title/tt0107290/
144,Yojimbo,8.1,Akira Kurosawa ,"[' Toshirô Mifune', ' Eijirô Tôno']","124,556",1961,https://www.imdb.com/title/tt0055630/
145,The Treasure of the Sierra Madre,8.1,John Huston ,"[' Humphrey Bogart', ' Walter Huston']","126,481",1948,https://www.imdb.com/title/tt0040897/
146,Monty Python and the Holy Grail,8.1,Terry Gilliam ,"[' Graham Chapman', ' John Cleese']","547,187",1975,https://www.imdb.com/title/tt0071853/
147,The Great Escape,8.1,John Sturges ,"[' Steve McQueen', ' James Garner']","247,434",1963,https://www.imdb.com/title/tt0057115/
148,No Country for Old Men,8.1,Ethan Coen ,"[' Tommy Lee Jones', ' Javier Bardem']","987,784",2007,https://www.imdb.com/title/tt0477348/
149,Kill Bill: Vol. 1,8.1,Quentin Tarantino ,"[' Uma Thurman', ' David Carradine']","1,128,117",2003,https://www.imdb.com/title/tt0266697/
150,Rashomon,8.1,Akira Kurosawa ,"[' Toshirô Mifune', ' Machiko Kyô']","170,926",1950,https://www.imdb.com/title/tt0042876/
151,Spider-Man: No Way Home,8.1,Jon Watts ,"[' Tom Holland', ' Zendaya']","775,914",2021,https://www.imdb.com/title/tt10872600/
152,The Thing,8.1,John Carpenter ,"[' Kurt Russell', ' Wilford Brimley']","432,413",1982,https://www.imdb.com/title/tt0084787/
153,Finding Nemo,8.1,Andrew Stanton ,"[' Albert Brooks', ' Ellen DeGeneres']","1,054,978",2003,https://www.imdb.com/title/tt0266543/
154,The Elephant Man,8.1,David Lynch ,"[' Anthony Hopkins', ' John Hurt']","244,964",1980,https://www.imdb.com/title/tt0080678/
155,Chinatown,8.1,Roman Polanski ,"[' Jack Nicholson', ' Faye Dunaway']","331,225",1974,https://www.imdb.com/title/tt0071315/
156,Raging Bull,8.1,Martin Scorsese ,"[' Robert De Niro', ' Cathy Moriarty']","358,870",1980,https://www.imdb.com/title/tt0081398/
157,V for Vendetta,8.1,James McTeigue ,"[' Hugo Weaving', ' Natalie Portman']","1,131,629",2005,https://www.imdb.com/title/tt0434409/
158,Gone with the Wind,8.1,Victor Fleming ,"[' Clark Gable', ' Vivien Leigh']","319,402",1939,https://www.imdb.com/title/tt0031381/
159,"Lock, Stock and Two Smoking Barrels",8.1,Guy Ritchie ,"[' Jason Flemyng', ' Dexter Fletcher']","589,300",1998,https://www.imdb.com/title/tt0120735/
160,Inside Out,8.1,Pete Docter ,"[' Amy Poehler', ' Bill Hader']","725,238",2015,https://www.imdb.com/title/tt2096673/
161,Dial M for Murder,8.1,Alfred Hitchcock ,"[' Ray Milland', ' Grace Kelly']","178,554",1954,https://www.imdb.com/title/tt0046912/
162,The Secret in Their Eyes,8.1,Juan José Campanella ,"[' Ricardo Darín', ' Soledad Villamil']","212,256",2009,https://www.imdb.com/title/tt1305806/
163,Howl's Moving Castle,8.1,Hayao Miyazaki ,"[' Chieko Baisho', ' Takuya Kimura']","403,534",2004,https://www.imdb.com/title/tt0347149/
164,"Three Billboards Outside Ebbing, Missouri",8.1,Martin McDonagh ,"[' Frances McDormand', ' Woody Harrelson']","517,947",2017,https://www.imdb.com/title/tt5027774/
165,The Bridge on the River Kwai,8.1,David Lean ,"[' William Holden', ' Alec Guinness']","223,475",1957,https://www.imdb.com/title/tt0050212/
166,Trainspotting,8.1,Danny Boyle ,"[' Ewan McGregor', ' Ewen Bremner']","694,762",1996,https://www.imdb.com/title/tt0117951/
167,Prisoners,8.1,Denis Villeneuve ,"[' Hugh Jackman', ' Jake Gyllenhaal']","731,714",2013,https://www.imdb.com/title/tt1392214/
168,Warrior,8.1,Gavin O'Connor ,"[' Tom Hardy', ' Nick Nolte']","477,957",2011,https://www.imdb.com/title/tt1291584/
169,Fargo,8.1,Joel Coen ,"[' William H. Macy', ' Frances McDormand']","686,144",1996,https://www.imdb.com/title/tt0116282/
170,Gran Torino,8.1,Clint Eastwood ,"[' Clint Eastwood', ' Bee Vang']","783,052",2008,https://www.imdb.com/title/tt1205489/
171,My Neighbor Totoro,8.1,Hayao Miyazaki ,"[' Hitoshi Takagi', ' Noriko Hidaka']","346,434",1988,https://www.imdb.com/title/tt0096283/
172,Catch Me If You Can,8.1,Steven Spielberg ,"[' Leonardo DiCaprio', ' Tom Hanks']","1,002,622",2002,https://www.imdb.com/title/tt0264464/
173,Million Dollar Baby,8.1,Clint Eastwood ,"[' Hilary Swank', ' Clint Eastwood']","694,005",2004,https://www.imdb.com/title/tt0405159/
174,Children of Heaven,8.1,Majid Majidi ,"[' Mohammad Amir Naji', ' Amir Farrokh Hashemian']","75,806",1997,https://www.imdb.com/title/tt0118849/
175,Blade Runner,8.1,Ridley Scott ,"[' Harrison Ford', ' Rutger Hauer']","779,444",1982,https://www.imdb.com/title/tt0083658/
176,The Gold Rush,8.1,Charles Chaplin ,"[' Charles Chaplin', ' Mack Swain']","112,820",1925,https://www.imdb.com/title/tt0015864/
177,Klaus,8.1,Sergio Pablos ,"[' Jason Schwartzman', ' J.K. Simmons']","162,848",2019,https://www.imdb.com/title/tt4729430/
178,Before Sunrise,8.1,Richard Linklater ,"[' Ethan Hawke', ' Julie Delpy']","315,369",1995,https://www.imdb.com/title/tt0112471/
179,Harry Potter and the Deathly Hallows: Part 2,8.1,David Yates ,"[' Daniel Radcliffe', ' Emma Watson']","888,847",2011,https://www.imdb.com/title/tt1201607/
180,12 Years a Slave,8.1,Steve McQueen ,"[' Chiwetel Ejiofor', ' Michael Kenneth Williams']","708,990",2013,https://www.imdb.com/title/tt2024544/
181,On the Waterfront,8.1,Elia Kazan ,"[' Marlon Brando', ' Karl Malden']","157,092",1954,https://www.imdb.com/title/tt0047296/
182,Ben-Hur,8.1,William Wyler ,"[' Charlton Heston', ' Jack Hawkins']","242,413",1959,https://www.imdb.com/title/tt0052618/
183,The Grand Budapest Hotel,8.1,Wes Anderson ,"[' Ralph Fiennes', ' F. Murray Abraham']","824,808",2014,https://www.imdb.com/title/tt2278388/
184,Gone Girl,8.1,David Fincher ,"[' Ben Affleck', ' Rosamund Pike']","996,698",2014,https://www.imdb.com/title/tt2267998/
185,Wild Strawberries,8.1,Ingmar Bergman ,"[' Victor Sjöström', ' Bibi Andersson']","108,888",1957,https://www.imdb.com/title/tt0050986/
186,The General,8.1,Clyde Bruckman ,"[' Buster Keaton', ' Marion Mack']","92,915",1926,https://www.imdb.com/title/tt0017925/
187,The Third Man,8.1,Carol Reed ,"[' Orson Welles', ' Joseph Cotten']","173,736",1949,https://www.imdb.com/title/tt0041959/
188,In the Name of the Father,8.1,Jim Sheridan ,"[' Daniel Day-Lewis', ' Pete Postlethwaite']","178,035",1993,https://www.imdb.com/title/tt0107207/
189,Barry Lyndon,8.1,Stanley Kubrick ,"["" Ryan O'Neal"", ' Marisa Berenson']","171,539",1975,https://www.imdb.com/title/tt0072684/
190,The Deer Hunter,8.1,Michael Cimino ,"[' Robert De Niro', ' Christopher Walken']","343,489",1978,https://www.imdb.com/title/tt0077416/
191,Hacksaw Ridge,8.1,Mel Gibson ,"[' Andrew Garfield', ' Sam Worthington']","538,576",2016,https://www.imdb.com/title/tt2119532/
192,The Wages of Fear,8.1,Henri-Georges Clouzot ,"[' Yves Montand', ' Charles Vanel']","62,531",1953,https://www.imdb.com/title/tt0046268/
193,Memories of Murder,8.1,Bong Joon Ho ,"[' Song Kang-ho', ' Kim Sang-kyung']","190,854",2003,https://www.imdb.com/title/tt0353969/
194,Sherlock Jr.,8.1,Buster Keaton ,"[' Buster Keaton', ' Kathryn McGuire']","51,426",1924,https://www.imdb.com/title/tt0015324/
195,Wild Tales,8.1,Damián Szifron ,"[' Darío Grandinetti', ' María Marull']","202,330",2014,https://www.imdb.com/title/tt3011894/
196,Mr. Smith Goes to Washington,8.1,Frank Capra ,"[' James Stewart', ' Jean Arthur']","116,776",1939,https://www.imdb.com/title/tt0031679/
197,Mad Max: Fury Road,8.1,George Miller ,"[' Tom Hardy', ' Charlize Theron']","1,016,700",2015,https://www.imdb.com/title/tt1392190/
198,Mary and Max,8.1,Adam Elliot ,"[' Toni Collette', ' Philip Seymour Hoffman']","179,381",2009,https://www.imdb.com/title/tt0978762/
199,The Seventh Seal,8.1,Ingmar Bergman ,"[' Max von Sydow', ' Gunnar Björnstrand']","187,907",1957,https://www.imdb.com/title/tt0050976/
200,How to Train Your Dragon,8.1,Dean DeBlois ,"[' Jay Baruchel', ' Gerard Butler']","750,956",2010,https://www.imdb.com/title/tt0892769/
201,"Monsters, Inc.",8.1,Pete Docter ,"[' Billy Crystal', ' John Goodman']","920,738",2001,https://www.imdb.com/title/tt0198781/
202,Room,8.1,Lenny Abrahamson ,"[' Brie Larson', ' Jacob Tremblay']","426,883",2015,https://www.imdb.com/title/tt3170832/
203,Jaws,8.1,Steven Spielberg ,"[' Roy Scheider', ' Robert Shaw']","615,894",1975,https://www.imdb.com/title/tt0073195/
204,Dead Poets Society,8.1,Peter Weir ,"[' Robin Williams', ' Robert Sean Leonard']","501,092",1989,https://www.imdb.com/title/tt0097165/
205,The Big Lebowski,8.1,Joel Coen ,"[' Jeff Bridges', ' John Goodman']","818,147",1998,https://www.imdb.com/title/tt0118715/
206,Tokyo Story,8.1,Yasujirô Ozu ,"[' Chishû Ryû', ' Chieko Higashiyama']","63,197",1953,https://www.imdb.com/title/tt0046438/
207,The Passion of Joan of Arc,8.1,Carl Theodor Dreyer ,"[' Maria Falconetti', ' Eugene Silvain']","56,435",1928,https://www.imdb.com/title/tt0019254/
208,Ford v Ferrari,8.0,James Mangold ,"[' Matt Damon', ' Christian Bale']","406,445",2019,https://www.imdb.com/title/tt1950186/
209,Hotel Rwanda,8.0,Terry George ,"[' Don Cheadle', ' Sophie Okonedo']","359,408",2004,https://www.imdb.com/title/tt0395169/
210,Rocky,8.0,John G. Avildsen ,"[' Sylvester Stallone', ' Talia Shire']","587,673",1976,https://www.imdb.com/title/tt0075148/
211,Platoon,8.0,Oliver Stone ,"[' Charlie Sheen', ' Tom Berenger']","419,347",1986,https://www.imdb.com/title/tt0091763/
212,Ratatouille,8.0,Brad Bird ,"[' Brad Garrett', ' Lou Romano']","752,178",2007,https://www.imdb.com/title/tt0382932/
213,Spotlight,8.0,Tom McCarthy ,"[' Mark Ruffalo', ' Michael Keaton']","476,522",2015,https://www.imdb.com/title/tt1895587/
214,The Terminator,8.0,James Cameron ,"[' Arnold Schwarzenegger', ' Linda Hamilton']","876,053",1984,https://www.imdb.com/title/tt0088247/
215,Logan,8.0,James Mangold ,"[' Hugh Jackman', ' Patrick Stewart']","775,653",2017,https://www.imdb.com/title/tt3315342/
216,Stand by Me,8.0,Rob Reiner ,"[' Wil Wheaton', ' River Phoenix']","411,073",1986,https://www.imdb.com/title/tt0092005/
217,Rush,8.0,Ron Howard ,"[' Daniel Brühl', ' Chris Hemsworth']","486,108",2013,https://www.imdb.com/title/tt1979320/
218,Network,8.0,Sidney Lumet ,"[' Faye Dunaway', ' William Holden']","161,806",1976,https://www.imdb.com/title/tt0074958/
219,Before Sunset,8.0,Richard Linklater ,"[' Ethan Hawke', ' Julie Delpy']","269,882",2004,https://www.imdb.com/title/tt0381681/
220,Into the Wild,8.0,Sean Penn ,"[' Emile Hirsch', ' Vince Vaughn']","629,835",2007,https://www.imdb.com/title/tt0758758/
221,The Wizard of Oz,8.0,Victor Fleming ,"[' Judy Garland', ' Frank Morgan']","406,027",1939,https://www.imdb.com/title/tt0032138/
222,The Best Years of Our Lives,8.0,William Wyler ,"[' Myrna Loy', ' Dana Andrews']","66,175",1946,https://www.imdb.com/title/tt0036868/
223,Pather Panchali,8.0,Satyajit Ray ,"[' Kanu Bannerjee', ' Karuna Bannerjee']","34,317",1955,https://www.imdb.com/title/tt0048473/
224,Groundhog Day,8.0,Harold Ramis ,"[' Bill Murray', ' Andie MacDowell']","643,097",1993,https://www.imdb.com/title/tt0107048/
225,The Exorcist,8.0,William Friedkin ,"[' Ellen Burstyn', ' Max von Sydow']","415,249",1973,https://www.imdb.com/title/tt0070047/
226,To Be or Not to Be,8.0,Ernst Lubitsch ,"[' Carole Lombard', ' Jack Benny']","38,881",1942,https://www.imdb.com/title/tt0035446/
227,The Incredibles,8.0,Brad Bird ,"[' Craig T. Nelson', ' Samuel L. Jackson']","749,932",2004,https://www.imdb.com/title/tt0317705/
228,La haine,8.0,Mathieu Kassovitz ,"[' Vincent Cassel', ' Hubert Koundé']","178,128",1995,https://www.imdb.com/title/tt0113247/
229,Pirates of the Caribbean: The Curse of the Black Pearl,8.0,Gore Verbinski ,"[' Johnny Depp', ' Geoffrey Rush']","1,140,461",2003,https://www.imdb.com/title/tt0325980/
230,The Battle of Algiers,8.0,Gillo Pontecorvo ,"[' Brahim Hadjadj', ' Jean Martin']","61,633",1966,https://www.imdb.com/title/tt0058946/
231,Hachi: A Dog's Tale,8.0,Lasse Hallström ,"[' Richard Gere', ' Joan Allen']","290,900",2009,https://www.imdb.com/title/tt1028532/
232,The Grapes of Wrath,8.0,John Ford ,"[' Henry Fonda', ' Jane Darwell']","95,126",1940,https://www.imdb.com/title/tt0032551/
233,Jai Bhim,8.0,T.J. Gnanavel ,"[' Suriya', ' Lijo Mol Jose']","204,618",2021,https://www.imdb.com/title/tt15097216/
234,My Father and My Son,8.0,Çagan Irmak ,"[' Çetin Tekindor', ' Fikret Kuskan']","87,516",2005,https://www.imdb.com/title/tt0476735/
235,Amores Perros,8.0,Alejandro G. Iñárritu ,"[' Emilio Echevarría', ' Gael García Bernal']","243,603",2000,https://www.imdb.com/title/tt0245712/
236,Rebecca,8.0,Alfred Hitchcock ,"[' Laurence Olivier', ' Joan Fontaine']","139,314",1940,https://www.imdb.com/title/tt0032976/
237,Cool Hand Luke,8.0,Stuart Rosenberg ,"[' Paul Newman', ' George Kennedy']","179,651",1967,https://www.imdb.com/title/tt0061512/
238,The Handmaiden,8.0,Park Chan-wook ,"[' Kim Min-hee', ' Ha Jung-woo']","153,251",2016,https://www.imdb.com/title/tt4016934/
239,The 400 Blows,8.0,François Truffaut ,"[' Jean-Pierre Léaud', ' Albert Rémy']","120,546",1959,https://www.imdb.com/title/tt0053198/
240,The Sound of Music,8.0,Robert Wise ,"[' Julie Andrews', ' Christopher Plummer']","240,872",1965,https://www.imdb.com/title/tt0059742/
241,It Happened One Night,8.0,Frank Capra ,"[' Clark Gable', ' Claudette Colbert']","106,026",1934,https://www.imdb.com/title/tt0025316/
242,Persona,8.0,Ingmar Bergman ,"[' Bibi Andersson', ' Liv Ullmann']","121,797",1966,https://www.imdb.com/title/tt0060827/
243,Life of Brian,8.0,Terry Jones ,"[' Graham Chapman', ' John Cleese']","404,938",1979,https://www.imdb.com/title/tt0079470/
244,The Iron Giant,8.0,Brad Bird ,"[' Eli Marienthal', ' Harry Connick Jr.']","204,564",1999,https://www.imdb.com/title/tt0129167/
245,Dersu Uzala,8.0,Akira Kurosawa ,"[' Maksim Munzuk', ' Yuriy Solomin']","31,159",1975,https://www.imdb.com/title/tt0071411/
246,The Help,8.0,Tate Taylor ,"[' Viola Davis', ' Emma Stone']","465,939",2011,https://www.imdb.com/title/tt1454029/
247,Aladdin,8.0,Ron Clements ,"[' Scott Weinger', ' Robin Williams']","429,143",1992,https://www.imdb.com/title/tt0103639/
248,Gandhi,8.0,Richard Attenborough ,"[' Ben Kingsley', ' John Gielgud']","234,669",1982,https://www.imdb.com/title/tt0083987/
249,Dances with Wolves,8.0,Kevin Costner ,"[' Kevin Costner', ' Mary McDonnell']","271,770",1990,https://www.imdb.com/title/tt0099348/
